{
  "processed_markets": 42,
  "up_miss_count_by_threshold": {
    "0.52": 4,
    "0.53": 4,
    "0.54": 4,
    "0.55": 4,
    "0.56": 4,
    "0.57": 4,
    "0.58": 4
  },
  "down_miss_count_by_threshold": {
    "0.52": 0,
    "0.53": 0,
    "0.54": 0,
    "0.55": 0,
    "0.56": 1,
    "0.57": 2,
    "0.58": 2
  },
  "up_miss_rate_by_threshold": {
    "0.52": 0.095238,
    "0.53": 0.095238,
    "0.54": 0.095238,
    "0.55": 0.095238,
    "0.56": 0.095238,
    "0.57": 0.095238,
    "0.58": 0.095238
  },
  "down_miss_rate_by_threshold": {
    "0.52": 0.0,
    "0.53": 0.0,
    "0.54": 0.0,
    "0.55": 0.0,
    "0.56": 0.02381,
    "0.57": 0.047619,
    "0.58": 0.047619
  }
}
