{
  "processed_markets": 8022,
  "up_miss_count_by_threshold": {
    "0.52": 413,
    "0.53": 566,
    "0.54": 726,
    "0.55": 867,
    "0.56": 1039,
    "0.57": 1135,
    "0.58": 1233
  },
  "down_miss_count_by_threshold": {
    "0.52": 559,
    "0.53": 730,
    "0.54": 875,
    "0.55": 1003,
    "0.56": 1159,
    "0.57": 1265,
    "0.58": 1368
  },
  "up_miss_rate_by_threshold": {
    "0.52": 0.051483,
    "0.53": 0.070556,
    "0.54": 0.090501,
    "0.55": 0.108078,
    "0.56": 0.129519,
    "0.57": 0.141486,
    "0.58": 0.153702
  },
  "down_miss_rate_by_threshold": {
    "0.52": 0.069683,
    "0.53": 0.091,
    "0.54": 0.109075,
    "0.55": 0.125031,
    "0.56": 0.144478,
    "0.57": 0.157691,
    "0.58": 0.170531
  }
}
