{
  "processed_markets": 8060,
  "up_miss_count_by_threshold": {
    "0.52": 417,
    "0.53": 571,
    "0.54": 735,
    "0.55": 878,
    "0.56": 1051,
    "0.57": 1147,
    "0.58": 1246
  },
  "down_miss_count_by_threshold": {
    "0.52": 563,
    "0.53": 734,
    "0.54": 879,
    "0.55": 1007,
    "0.56": 1164,
    "0.57": 1270,
    "0.58": 1374
  },
  "up_miss_rate_by_threshold": {
    "0.52": 0.051737,
    "0.53": 0.070844,
    "0.54": 0.091191,
    "0.55": 0.108933,
    "0.56": 0.130397,
    "0.57": 0.142308,
    "0.58": 0.154591
  },
  "down_miss_rate_by_threshold": {
    "0.52": 0.069851,
    "0.53": 0.091067,
    "0.54": 0.109057,
    "0.55": 0.124938,
    "0.56": 0.144417,
    "0.57": 0.157568,
    "0.58": 0.170471
  }
}
