{
  "slug_prefix": "btc-updown-5m",
  "first_slug_timestamp": 1770932400,
  "requested_slug_count": 6600,
  "fetched_candidate_markets": 6598,
  "matched_target_markets": 6585,
  "analyzed_markets": 6585,
  "processed_markets": 6585,
  "arrival_markets": 6583,
  "no_arrival_markets": 2,
  "failed_markets": 0,
  "up_arrival_count_by_threshold": {
    "0.52": 6258,
    "0.53": 6141,
    "0.54": 6005,
    "0.55": 5890,
    "0.56": 5758,
    "0.57": 5674,
    "0.58": 5601
  },
  "down_arrival_count_by_threshold": {
    "0.52": 6121,
    "0.53": 5978,
    "0.54": 5865,
    "0.55": 5763,
    "0.56": 5634,
    "0.57": 5548,
    "0.58": 5463
  },
  "up_arrival_rate_by_threshold": {
    "0.52": 0.950342,
    "0.53": 0.932574,
    "0.54": 0.911921,
    "0.55": 0.894457,
    "0.56": 0.874412,
    "0.57": 0.861655,
    "0.58": 0.850569
  },
  "down_arrival_rate_by_threshold": {
    "0.52": 0.929537,
    "0.53": 0.907821,
    "0.54": 0.890661,
    "0.55": 0.875171,
    "0.56": 0.855581,
    "0.57": 0.842521,
    "0.58": 0.829613
  }
}
