{
  "slug_prefix": "btc-updown-5m",
  "first_slug_timestamp": 1770932400,
  "requested_slug_count": 8112,
  "fetched_candidate_markets": 8007,
  "matched_target_markets": 8007,
  "analyzed_markets": 8007,
  "processed_markets": 8007,
  "arrival_markets": 8003,
  "no_arrival_markets": 4,
  "failed_markets": 0,
  "up_arrival_count_by_threshold": {
    "0.52": 7594,
    "0.53": 7441,
    "0.54": 7281,
    "0.55": 7140,
    "0.56": 6968,
    "0.57": 6872,
    "0.58": 6775
  },
  "down_arrival_count_by_threshold": {
    "0.52": 7448,
    "0.53": 7277,
    "0.54": 7132,
    "0.55": 7004,
    "0.56": 6848,
    "0.57": 6743,
    "0.58": 6642
  },
  "up_arrival_rate_by_threshold": {
    "0.52": 0.94842,
    "0.53": 0.929312,
    "0.54": 0.909329,
    "0.55": 0.89172,
    "0.56": 0.870239,
    "0.57": 0.858249,
    "0.58": 0.846135
  },
  "down_arrival_rate_by_threshold": {
    "0.52": 0.930186,
    "0.53": 0.90883,
    "0.54": 0.890721,
    "0.55": 0.874735,
    "0.56": 0.855252,
    "0.57": 0.842138,
    "0.58": 0.829524
  }
}
