{
  "slug_prefix": "btc-updown-5m",
  "first_slug_timestamp": 1770932400,
  "requested_slug_count": 5900,
  "fetched_candidate_markets": 5898,
  "matched_target_markets": 5832,
  "analyzed_markets": 5832,
  "processed_markets": 5832,
  "arrival_markets": 5830,
  "no_arrival_markets": 2,
  "failed_markets": 0,
  "up_arrival_count_by_threshold": {
    "0.52": 5538,
    "0.53": 5430,
    "0.54": 5309,
    "0.55": 5215,
    "0.56": 5100,
    "0.57": 5030,
    "0.58": 4973
  },
  "down_arrival_count_by_threshold": {
    "0.52": 5415,
    "0.53": 5289,
    "0.54": 5187,
    "0.55": 5101,
    "0.56": 4983,
    "0.57": 4907,
    "0.58": 4832
  },
  "up_arrival_rate_by_threshold": {
    "0.52": 0.949588,
    "0.53": 0.93107,
    "0.54": 0.910322,
    "0.55": 0.894204,
    "0.56": 0.874486,
    "0.57": 0.862483,
    "0.58": 0.852709
  },
  "down_arrival_rate_by_threshold": {
    "0.52": 0.928498,
    "0.53": 0.906893,
    "0.54": 0.889403,
    "0.55": 0.874657,
    "0.56": 0.854424,
    "0.57": 0.841392,
    "0.58": 0.828532
  }
}
