{
  "slug_prefix": "btc-updown-5m",
  "first_slug_timestamp": 1770932400,
  "requested_slug_count": 2800,
  "fetched_candidate_markets": 2800,
  "matched_target_markets": 2771,
  "analyzed_markets": 2771,
  "processed_markets": 2771,
  "arrival_markets": 2771,
  "no_arrival_markets": 0,
  "failed_markets": 0,
  "up_arrival_count_by_threshold": {
    "0.52": 2631,
    "0.53": 2580,
    "0.54": 2531,
    "0.55": 2494,
    "0.56": 2439,
    "0.57": 2409,
    "0.58": 2384
  },
  "down_arrival_count_by_threshold": {
    "0.52": 2556,
    "0.53": 2502,
    "0.54": 2454,
    "0.55": 2410,
    "0.56": 2337,
    "0.57": 2293,
    "0.58": 2252
  },
  "up_arrival_rate_by_threshold": {
    "0.52": 0.949477,
    "0.53": 0.931072,
    "0.54": 0.913389,
    "0.55": 0.900036,
    "0.56": 0.880188,
    "0.57": 0.869361,
    "0.58": 0.860339
  },
  "down_arrival_rate_by_threshold": {
    "0.52": 0.922411,
    "0.53": 0.902923,
    "0.54": 0.885601,
    "0.55": 0.869722,
    "0.56": 0.843378,
    "0.57": 0.827499,
    "0.58": 0.812703
  }
}
