{
  "slug_prefix": "btc-updown-5m",
  "first_slug_timestamp": 1770932400,
  "requested_slug_count": 8523,
  "fetched_candidate_markets": 8045,
  "matched_target_markets": 8045,
  "analyzed_markets": 8045,
  "processed_markets": 8045,
  "arrival_markets": 8039,
  "no_arrival_markets": 6,
  "failed_markets": 121,
  "up_arrival_count_by_threshold": {
    "0.52": 7628,
    "0.53": 7474,
    "0.54": 7310,
    "0.55": 7167,
    "0.56": 6994,
    "0.57": 6898,
    "0.58": 6800
  },
  "down_arrival_count_by_threshold": {
    "0.52": 7482,
    "0.53": 7311,
    "0.54": 7166,
    "0.55": 7038,
    "0.56": 6881,
    "0.57": 6776,
    "0.58": 6674
  },
  "up_arrival_rate_by_threshold": {
    "0.52": 0.948167,
    "0.53": 0.929024,
    "0.54": 0.908639,
    "0.55": 0.890864,
    "0.56": 0.86936,
    "0.57": 0.857427,
    "0.58": 0.845245
  },
  "down_arrival_rate_by_threshold": {
    "0.52": 0.930019,
    "0.53": 0.908763,
    "0.54": 0.89074,
    "0.55": 0.874829,
    "0.56": 0.855314,
    "0.57": 0.842262,
    "0.58": 0.829584
  }
}
